<?xml version="1.0" encoding="UTF-8"?>
<!DOCTYPE fontscolors PUBLIC "-//NetBeans//DTD Editor Fonts and Colors settings 1.1//EN" "http://www.netbeans.org/dtds/EditorFontsColors-1_1.dtd">
<fontscolors>
    <fontcolor foreColor="ff3be1f5" name="identifier"/>
    <fontcolor default="field" foreColor="pink" name="markup-attribute"/>
    <fontcolor default="identifier" foreColor="pink" name="method">
        <font style="bold"/>
    </fontcolor>
    <fontcolor foreColor="white" name="string"/>
    <fontcolor default="keyword" name="markup-element"/>
    <fontcolor default="string" name="markup-attribute-value"/>
    <fontcolor name="error" waveUnderlined="red"/>
    <fontcolor default="default" name="entity-reference">
        <font style="bold"/>
    </fontcolor>
    <fontcolor foreColor="ffe34de1" name="separator"/>
    <fontcolor foreColor="ffb7b833" name="operator"/>
    <fontcolor name="url" underline="cyan"/>
    <fontcolor foreColor="red" name="number"/>
    <fontcolor bgColor="ff212121" foreColor="ffd6d6d6" name="default">
        <font name="Menlo" size="16" style="bold"/>
    </fontcolor>
    <fontcolor default="identifier" name="field"/>
    <fontcolor bgColor="ff363636" foreColor="ffff8080" name="char"/>
    <fontcolor name="warning" waveUnderlined="yellow"/>
    <fontcolor bgColor="darkGray" foreColor="lightGray" name="comment"/>
    <fontcolor foreColor="ff33c732" name="keyword"/>
    <fontcolor name="whitespace"/>
</fontscolors>
