<?xml version="1.0" encoding="UTF-8"?>
<!DOCTYPE fontscolors PUBLIC "-//NetBeans//DTD Editor Fonts and Colors settings 1.1//EN" "http://www.netbeans.org/dtds/EditorFontsColors-1_1.dtd">
<fontscolors>
    <fontcolor bgColor="ff400080" foreColor="yellow" name="nbeditor-bracesMatching-match"/>
    <fontcolor foreColor="gray" name="text-limit-line-color"/>
    <fontcolor foreColor="ff666666" name="code-folding"/>
    <fontcolor foreColor="ffcc0099" name="synchronized-text-blocks-ext"/>
    <fontcolor foreColor="red" name="nbeditor-bracesMatching-mismatch"/>
    <fontcolor name="highlight-caret-row"/>
    <fontcolor bgColor="white" foreColor="white" name="caret-color-overwrite-mode"/>
    <fontcolor name="status-bar"/>
    <fontcolor bgColor="ff2f2f2f" name="guarded"/>
    <fontcolor name="trailing-whitespace"/>
    <fontcolor foreColor="red" name="nbeditor-bracesMatching-mismatch-multichar"/>
    <fontcolor foreColor="red" name="status-bar-bold"/>
    <fontcolor foreColor="ff6b8eb2" name="nbeditor-bracesMatching-sidebar"/>
    <fontcolor foreColor="ffb7b833" name="line-number"/>
    <fontcolor name="readonly-files"/>
    <fontcolor bgColor="ffff8126" foreColor="darkGray" name="highlight-search"/>
    <fontcolor foreColor="ff666666" name="code-folding-bar"/>
    <fontcolor foreColor="ff996600" name="synchronized-text-blocks-ext-slave"/>
    <fontcolor foreColor="ffd3d3d3" name="indent-guide-lines"/>
    <fontcolor name="indent-whitespace"/>
    <fontcolor bgColor="magenta" name="block-search"/>
    <fontcolor bgColor="ff333333" foreColor="red" name="selection"/>
    <fontcolor bgColor="cyan" foreColor="red" name="inc-search"/>
    <fontcolor bgColor="ff400080" name="nbeditor-bracesMatching-match-multichar"/>
    <fontcolor bgColor="magenta" foreColor="magenta" name="caret-color-insert-mode" underline="magenta"/>
    <fontcolor foreColor="cyan" name="hyperlinks" underline="blue"/>
</fontscolors>
